,Name,Title,Rating,Body
0,Rochak jha,Fantastic Addition to My Home - Amazon Alexa 3rd Gen Review,5.0,"I recently purchased the Amazon Alexa 3rd Gen smart speaker from Amazon, and I must say it has quickly become an essential part of my daily routine. This device is simply outstanding, and I can't imagine my life without it now.First and foremost, the audio quality is impressive. The speaker produces rich, clear sound that fills the room with music. Whether I'm listening to my favorite playlists or asking Alexa to play the news or podcasts, the audio experience is always top-notch. The bass is deep, and the trebles are crisp, resulting in a well-balanced sound profile.The voice recognition capabilities of Alexa are exceptional. She accurately picks up my voice commands even when I'm across the room or playing music at higher volumes. It's a joy to interact with Alexa, who responds promptly and provides useful information or performs tasks effortlessly. From setting reminders and alarms to checking the weather or controlling my smart home devices, Alexa is like a personal assistant always at my beck and call.I also appreciate the sleek and modern design of the Amazon Alexa 3rd Gen. Its compact size allows it to fit seamlessly into any room without taking up too much space. The fabric finish adds a touch of elegance, making it aesthetically pleasing and blending well with my home decor.The setup process was a breeze. It took me just a few minutes to connect the speaker to my Wi-Fi network and link it to my Amazon account. The intuitive Alexa app guided me through the process step by step, ensuring a seamless setup experience.One feature I particularly enjoy is the integration with other smart devices. I can effortlessly control my compatible lights, thermostats, and even my TV using voice commands through Alexa. It has truly made my home smarter and more convenient.In terms of privacy, Amazon has made great strides in addressing concerns. The ability to mute the microphone easily provides peace of mind when I don't want Alexa listening in. I appreciate the transparency and control Amazon offers in this regard.Overall, the Amazon Alexa 3rd Gen smart speaker is a phenomenal addition to any home. Its exceptional audio quality, impressive voice recognition, seamless setup process, and integration with smart devices make it a must-have device. I wholeheartedly recommend it to anyone looking to enhance their daily routines and enjoy the benefits of a truly smart home assistant."
1,shamshuddin,Alexa awesome,4.0,Nice tool to enjoy and even for elders...
2,Vivekk,Good Product to fall in Love,4.0,Keep exploring nice device.... Only thing that needs to be remembered  is that  the device needs dedicated wifi to function . Make sure to have one apart from mobile ad hoc network .. Works best with stand alone wifi network.Cheers !!!
3,Rj,I is good,4.0,I should play music from YouTube also
4,Guruprasad,Product is good,4.0,Overall good product but need to add local languages.
5,Nidhi Tripathi,Good budget knowledgeable product.,4.0,"We can utilise it in many ways like children study, rhymes, songs, news and much more."
6,Apurba Das,Good as a replacement,4.0,You can buy it as a replacement for high cost sound system.
7,MEKIN SUTARIYA,About alexa,5.0,It is good gadget for home it work betterAnd it will work perfectly good bass and good sound but sometimes it doesn't understand you so it not perfect but it Majorly done by Amazon .
8,Naila khan,Best product I purchased during sale,4.0,This is the best purchase I had in amazon shopping sale. Alexa is best. Liked it ..recommended
9,Sunny Thakur,Nice product,4.0,"Nice product but i faced a little issue after 6 month that if I moved this product from one side to another then it'll restarting automatically, i think, there have some kind of power pin issue , maybe loose, trip or other things.... Don't know. But the product is so good"
